date,start,end,duration_min,block_name,matched_template,status,delta_start_min,delta_dur_min,is_planned
2026-09-20,06:15,06:25,10,躺床刷手机,,unplanned,,,true
2026-09-20,06:35,07:02,27,早操,早操,aligned,5,-3,false
2026-09-20,07:02,07:17,15,洗漱,洗漱,aligned,2,0,false
2026-09-20,07:22,07:32,10,早饭,早饭,aligned,2,0,false
2026-09-20,07:35,08:32,57,通勤、听书、走路,通勤、听书、走路,aligned,0,2,false
2026-09-20,08:30,12:20,230,工作,工作,offset,0,20,false
2026-09-20,12:20,13:05,45,午饭与午休,午饭与午休,offset,20,0,false
2026-09-20,12:45,17:00,255,工作,工作,aligned,0,0,false
2026-09-20,17:30,18:50,80,通勤、听书,通勤、听书,aligned,0,0,false
2026-09-20,18:50,19:35,45,做饭,做饭,aligned,0,5,false
2026-09-20,19:35,20:05,30,吃饭,吃饭（别刷视频，最多看书）,aligned,5,0,false
2026-09-20,20:15,20:30,15,读书 / 练字,读书 / 练字，保持平和心态,aligned,0,0,false
2026-09-20,20:30,21:10,40,干活,干活（中间做拉伸）,offset,0,-50,false
2026-09-20,21:10,21:40,30,短视频,干活（中间做拉伸）,offset,40,-60,false
2026-09-20,21:40,22:00,20,干活,干活（中间做拉伸）,offset,70,-70,false
2026-09-20,22:00,22:20,20,洗澡,洗澡,aligned,0,0,false
2026-09-20,22:25,22:42,17,晚练,晚练,aligned,5,-3,false
2026-09-20,22:40,05:55,435,睡觉,睡觉,offset,0,-35,false

date,template_start,template_end,template_duration_min,template_block,actual_block,status,delta_start_min,delta_dur_min
2026-09-20,06:30,07:00,30,早操,早操,aligned,5,-3
2026-09-20,07:00,07:15,15,洗漱,洗漱,aligned,2,0
2026-09-20,07:20,07:30,10,早饭,早饭,aligned,2,0
2026-09-20,07:30,07:35,5,出门前准备（刮胡子、涂芦荟胶、拿手机耳机工卡、带伞）,早饭,offset,-8,5
2026-09-20,07:35,08:30,55,通勤、听书、走路,通勤、听书、走路,aligned,0,2
2026-09-20,08:30,12:00,210,工作,工作,offset,0,20
2026-09-20,12:00,12:45,45,午饭与午休,午饭与午休,offset,20,0
2026-09-20,12:45,17:00,255,工作,工作,aligned,0,0
2026-09-20,17:00,17:30,30,小结与规划后续行动,,unrecorded,,
2026-09-20,17:30,18:50,80,通勤、听书,通勤、听书,aligned,0,0
2026-09-20,18:50,19:30,40,做饭,做饭,aligned,0,5
2026-09-20,19:30,20:00,30,吃饭（别刷视频，最多看书）,吃饭,aligned,5,0
2026-09-20,20:00,20:15,15,收拾与准备早饭，内务（扫地拖地洗衣服丢垃圾）,吃饭,offset,-25,15
2026-09-20,20:15,20:30,15,读书 / 练字，保持平和心态,读书 / 练字,aligned,0,0
2026-09-20,20:30,22:00,90,干活（中间做拉伸）,干活,offset,0,-50
2026-09-20,22:00,22:20,20,洗澡,洗澡,aligned,0,0
2026-09-20,22:20,22:40,20,晚练,晚练,aligned,5,-3
2026-09-20,22:40,06:30,470,睡觉,睡觉,offset,0,-35
